AA1R	comp1	8.05
AA1R	comp2	7.32
AA1R	comp3	7.23
AA1R	comp4	8.75
AA1R	comp5	9.3
AA1R	comp6	8.6
AA1R	comp7	8.22
AA1R	comp8	8.28
AA1R	comp9	8.62
AA1R	comp10	7.77
AA1R	comp11	7.42
AA1R	comp12	6.89
AA1R	comp13	6.27
AA1R	comp14	7.05
AA1R	comp15	5.86
AA1R	comp16	5.84
AA1R	comp17	5.75
AA1R	comp18	6.64
AA1R	comp19	5.62
AA1R	comp20	4.82
AA1R	comp21	5.67
AA1R	comp22	4.82
AA1R	comp23	6.15
AA1R	comp24	6.25
AA1R	comp25	5.99
AA1R	comp26	5.48
AA1R	comp27	5.84
AA1R	comp28	7.43
AA1R	comp29	8.14
AA1R	comp30	5.62
AA1R	comp31	6.19
AA1R	comp32	6.66
AA1R	comp33	6.67
AA1R	comp34	6.88
AA1R	comp35	7.11
AA1R	comp36	7.11
AA1R	comp37	7.16
AA1R	comp38	6.6
AA1R	comp39	5.22
AA1R	comp40	5.22
AA1R	comp41	7.3
AA1R	comp42	6.925
AA1R	comp43	6.41
AA1R	comp44	6.2
AA1R	comp45	6.15
AA1R	comp46	6.4
AA1R	comp47	5.1
AA1R	comp48	5.7
AA1R	comp49	5.81
AA1R	comp50	4.6
AA1R	comp51	4.75
AA1R	comp52	4.9
AA1R	comp53	5.14
AA1R	comp54	4.78
AA1R	comp55	6.01
AA1R	comp56	8.27
AA1R	comp57	5.7
AA1R	comp58	6.27
AA1R	comp59	5.92
AA1R	comp60	6.18
AA1R	comp61	6.15
AA1R	comp62	6.69
AA1R	comp63	7.19
AA1R	comp64	6.96
AA1R	comp65	7.22
AA1R	comp66	6.6
AA1R	comp67	6.22
AA1R	comp68	7.75
AA1R	comp69	7.24
AA1R	comp70	7.05
AA1R	comp71	6.99
AA1R	comp72	7.62
AA1R	comp73	7.27
AA1R	comp74	7.38
AA1R	comp75	5.47
AA1R	comp76	5.49
AA1R	comp77	5.23
AA1R	comp78	5.47
AA1R	comp79	4.79
AA1R	comp80	7.46
AA1R	comp81	6.13
AA1R	comp82	6.78
AA1R	comp83	7.1
AA1R	comp84	6.77
AA1R	comp85	6.68
AA1R	comp86	6.67
AA1R	comp87	4.92
AA1R	comp88	5.14
AA1R	comp89	4.98
AA1R	comp90	5.44
AA1R	comp91	6.78
AA1R	comp92	6.88
AA1R	comp93	6.48
AA1R	comp94	5.71
AA1R	comp95	5.11
AA1R	comp96	5.18
AA1R	comp97	5.11
AA1R	comp98	6.03
AA1R	comp99	5.01
AA1R	comp100	5.06
AA1R	comp101	4.94
AA1R	comp102	5.11
AA1R	comp103	5.78
AA1R	comp104	6.01
AA1R	comp105	5.59
AA1R	comp106	5.78
AA1R	comp107	5.52
AA1R	comp108	5.26
AA1R	comp109	4.89
AA1R	comp110	5.19
AA1R	comp111	6.01
AA1R	comp112	6.22
AA1R	comp113	6.82
AA1R	comp114	7.16
AA1R	comp115	6.4
AA1R	comp116	6.1
AA1R	comp117	5.43
AA1R	comp118	5.63
AA1R	comp119	5.75
AA1R	comp120	6.63
AA1R	comp121	7.65
AA1R	comp122	5.09
AA1R	comp123	5.19
AA1R	comp124	6.1
AA1R	comp125	5.5
AA1R	comp126	5.72
AA1R	comp127	5.16
AA1R	comp128	5.96
AA1R	comp129	5.28
AA1R	comp130	5.41
AA1R	comp131	5.43
AA1R	comp132	6.64
AA1R	comp133	5.64
AA1R	comp134	5.98
AA1R	comp135	5.32
AA1R	comp136	6.39
AA1R	comp137	6.21
AA1R	comp138	6.4
AA1R	comp139	5.89
AA1R	comp140	5.95
AA1R	comp141	5.55
AA1R	comp142	5.47
AA1R	comp143	6.1
AA1R	comp144	5.81
AA1R	comp145	6.46
AA1R	comp146	5.8
AA1R	comp147	5.48
AA1R	comp148	6.82
AA1R	comp149	5.52
AA1R	comp150	6.1
AA1R	comp151	6.56
AA1R	comp152	6.82
AA1R	comp153	7.47
AA1R	comp154	7.28
AA1R	comp155	7.545
AA1R	comp156	6.8
AA1R	comp157	7.54
AA1R	comp158	7.31
AA1R	comp159	7.58
AA1R	comp160	6.55
AA1R	comp161	6.58
AA1R	comp162	6.58
AA1R	comp163	6.65
AA1R	comp164	6.91
AA1R	comp165	6.04
AA1R	comp166	5.95
AA1R	comp167	5.89
AA1R	comp168	5.45
AA1R	comp169	5.6
AA1R	comp170	5.82
AA1R	comp171	6.39
AA1R	comp172	6.2
AA1R	comp173	5.83
AA1R	comp174	6.46
AA1R	comp175	6.66
AA1R	comp176	6.5
AA1R	comp177	5.92
AA1R	comp178	7.07
AA1R	comp179	6.78
AA1R	comp180	6.73
AA1R	comp181	6.81
AA1R	comp182	6.21
AA1R	comp183	6.46
AA1R	comp184	6.43
AA1R	comp185	6.37
AA1R	comp186	6.52
AA1R	comp187	6.54
AA1R	comp188	6.36
AA1R	comp189	6.59
AA1R	comp190	5.66
AA1R	comp191	6.74
AA1R	comp192	4.76
AA1R	comp193	4.78
AA1R	comp194	5.07
AA1R	comp195	4.85
AA1R	comp196	5.69
AA1R	comp197	7.85
AA1R	comp198	6.56
AA1R	comp199	6.6
AA1R	comp200	7.5
AA1R	comp201	7.85
AA1R	comp202	6.97
AA1R	comp203	7.48
AA1R	comp204	5.49
AA1R	comp205	7.24
AA1R	comp206	6.68
AA1R	comp207	5.26
AA1R	comp208	6.04
AA1R	comp209	6.52
AA1R	comp210	7.03
AA1R	comp211	6.99
AA1R	comp212	7.34
AA1R	comp213	5.9
AA1R	comp214	5.9
AA1R	comp215	5.31
AA1R	comp216	6.38
AA1R	comp217	6.41
AA1R	comp218	5.8
AA1R	comp219	7.22
AA1R	comp220	6.9
AA1R	comp221	6.64
AA1R	comp222	7.12
AA1R	comp223	5.71
AA1R	comp224	6.44
AA1R	comp225	5.46
AA1R	comp226	6.21
AA1R	comp227	5.12
AA1R	comp228	5.19
AA1R	comp229	5.4
AA1R	comp230	6.01
AA1R	comp231	5.97
AA1R	comp232	5.31
AA1R	comp233	5.21
AA1R	comp234	5.92
AA1R	comp235	5.85
AA1R	comp236	6.7
AA1R	comp237	6.57
AA1R	comp238	6.57
AA1R	comp239	6.27
AA1R	comp240	7.11
AA1R	comp241	6.32
AA1R	comp242	6.92
AA1R	comp243	6.85
AA1R	comp244	7.14
AA1R	comp245	6.22
AA1R	comp246	7.17
AA1R	comp247	7.17
AA1R	comp248	7.31
AA1R	comp249	5.01
AA1R	comp250	5.82
AA1R	comp251	5.37
AA1R	comp252	5.66
AA1R	comp253	5.96
AA1R	comp254	6.13
AA1R	comp255	6.82
AA1R	comp256	7
AA1R	comp257	6.92
AA1R	comp258	7.55
AA1R	comp259	6.66
AA1R	comp260	5.25
AA1R	comp261	6.68
AA1R	comp262	5.75
AA1R	comp263	5.48
AA1R	comp264	5.29
AA1R	comp265	6.18
AA1R	comp266	5.95
AA1R	comp267	6.2
AA1R	comp268	6.68
AA1R	comp269	6.66
AA1R	comp270	5.59
AA1R	comp271	6.43
AA1R	comp272	5.7
AA1R	comp273	5.36
AA1R	comp274	6.22
AA1R	comp275	5.87
AA1R	comp276	6.34
AA1R	comp277	5.37
AA1R	comp278	6.94
AA1R	comp279	7.36
AA1R	comp280	6.12
AA1R	comp281	7.72
AA1R	comp282	6.97
AA1R	comp283	7.34
AA1R	comp284	7.19
AA1R	comp285	7.23
AA1R	comp286	6.79
AA1R	comp287	7.4
AA1R	comp288	7.22
AA1R	comp289	7.46
AA1R	comp290	8.88
AA1R	comp291	8.46
AA1R	comp292	7.49
AA1R	comp293	5.88
AA1R	comp294	7.46
AA1R	comp295	7.19
AA1R	comp296	7.22
AA1R	comp297	9.4
AA1R	comp298	7.49
AA1R	comp299	5.06
AA1R	comp300	5.68
AA1R	comp301	5.87
AA1R	comp302	5
AA1R	comp303	5
AA1R	comp304	6.52
AA1R	comp305	6.85
AA1R	comp306	6.72
AA1R	comp307	9.82
AA1R	comp308	9.27
AA1R	comp309	9.66
AA1R	comp310	5.24
AA1R	comp311	6.5
AA1R	comp312	6.02
AA1R	comp313	6.87
AA1R	comp314	5.91
AA1R	comp315	5.87
AA1R	comp316	7.4
AA1R	comp317	5.3
AA1R	comp318	6.05
AA1R	comp319	5.1
AA1R	comp320	8.74
AA1R	comp321	8.59
AA1R	comp322	8.88
AA1R	comp323	8.8
AA1R	comp324	8.92
AA1R	comp325	4.5
AA1R	comp326	4.97
AA1R	comp327	4.53
AA1R	comp328	5.19
AA1R	comp329	6.52
AA1R	comp330	4.71
AA1R	comp331	4.92
AA1R	comp332	5.37
AA1R	comp333	4.96
AA1R	comp334	5.05
AA1R	comp335	5.42
AA1R	comp336	4.86
AA1R	comp337	6.38
AA1R	comp338	6.99
AA1R	comp339	7.78
AA1R	comp340	5.44
AA1R	comp341	9.16
AA1R	comp342	4.79
AA1R	comp343	5.77
AA1R	comp344	6.165
AA1R	comp345	5.94
AA1R	comp346	5.85
AA1R	comp347	5.36
AA1R	comp348	4.94
AA1R	comp349	6.39
AA1R	comp350	5.88
AA1R	comp351	6.22
AA1R	comp352	6.19
AA1R	comp353	7.22
AA1R	comp354	7.72
AA1R	comp355	7.16
AA1R	comp356	7.21
AA1R	comp357	7.62
AA1R	comp358	7.06
AA1R	comp359	6.22
AA1R	comp360	9.6
AA1R	comp361	4.61
AA1R	comp362	6.2525
AA1R	comp363	9.31
AA1R	comp364	6.05
AA1R	comp365	7.5
AA1R	comp366	8.4
AA1R	comp367	6.4
AA1R	comp368	6.38
AA1R	comp369	7.92
AA1R	comp370	6.11
AA1R	comp371	6.84
AA1R	comp372	6.02
AA1R	comp373	6.01
AA1R	comp374	6.23
AA1R	comp375	6.517142857
AA1R	comp376	9.54
AA1R	comp377	6.53
AA1R	comp378	6.49
AA1R	comp379	7.38
AA1R	comp380	7.3
AA1R	comp381	5.84
AA1R	comp382	6.91
AA1R	comp383	5.6
AA1R	comp384	5.975
AA1R	comp385	9
AA1R	comp386	7.96
AA1R	comp387	5.35
AA1R	comp388	6.46
AA1R	comp389	5.585
AA1R	comp390	5.87
AA1R	comp391	5.28
AA1R	comp392	5.53
AA1R	comp393	5.19
AA1R	comp394	6.2
AA1R	comp395	5.64
AA1R	comp396	5.49
AA1R	comp397	5.54
AA1R	comp398	5.52
AA1R	comp399	6.17
AA1R	comp400	5.3
AA1R	comp401	5.78
AA1R	comp402	5.99
AA1R	comp403	8.355
AA1R	comp404	6.438571429
AA1R	comp405	5.66
AA1R	comp406	5.6
AA1R	comp407	6.7
AA1R	comp408	8.3
AA1R	comp409	8
AA1R	comp410	5.96
AA1R	comp411	5.765
AA1R	comp412	5.57
AA1R	comp413	7.39
AA1R	comp414	9
AA1R	comp415	6.6
AA1R	comp416	6.6
AA1R	comp417	6.28
AA1R	comp418	7.52
AA1R	comp419	7.66
AA1R	comp420	8.31
AA1R	comp421	8.15
AA1R	comp422	6.62
AA1R	comp423	7
AA1R	comp424	7.46
AA1R	comp425	8.37
AA1R	comp426	7.75
AA1R	comp427	5.5
AA1R	comp428	5.6
AA1R	comp429	6.1
AA1R	comp430	6.75
AA1R	comp431	6.68
AA1R	comp432	8
AA1R	comp433	7.85
AA1R	comp434	7.48
AA1R	comp435	7.07
AA1R	comp436	6.89
AA1R	comp437	7.22
AA1R	comp438	5.6
AA1R	comp439	5.24
AA1R	comp440	6.12
AA1R	comp441	7.92
AA1R	comp442	5.85
AA1R	comp443	5.85
AA1R	comp444	7.38
AA1R	comp445	7.77
AA1R	comp446	7.57
AA1R	comp447	7.01
AA1R	comp448	7.96
AA1R	comp449	6.51
AA1R	comp450	7.6
AA1R	comp451	6.89
AA1R	comp452	7.17
AA1R	comp453	6.16
AA1R	comp454	6.66
AA1R	comp455	7.06
AA1R	comp456	4.53
AA1R	comp457	5.14
AA1R	comp458	4.86
AA1R	comp459	6.29
AA1R	comp460	5.76
AA1R	comp461	5.27
AA1R	comp462	7.6
AA1R	comp463	6.565
AA1R	comp464	7.25
AA1R	comp465	6.71
AA1R	comp466	9.79
AA1R	comp467	7.78
AA1R	comp468	6.77
AA1R	comp469	7.505
AA1R	comp470	5.6
AA1R	comp471	8
AA1R	comp472	5.77
AA1R	comp473	5.9
AA1R	comp474	5.89
AA1R	comp475	7.51
AA1R	comp476	7.7
AA1R	comp477	7.22
AA1R	comp478	7.34
AA1R	comp479	6.66
AA1R	comp480	8.7
AA1R	comp481	7.28
AA1R	comp482	6.6
AA1R	comp483	7.51
AA1R	comp484	5.89
AA1R	comp485	5.43
AA1R	comp486	5.12
AA1R	comp487	6.51
AA1R	comp488	6.02
AA1R	comp489	5.71
AA1R	comp490	5.61
AA1R	comp491	4.73
AA1R	comp492	5.63
AA1R	comp493	7.1
AA1R	comp494	5.44
AA1R	comp495	6.64
AA1R	comp496	4.37
AA1R	comp497	5.25
AA1R	comp498	4.72
AA1R	comp499	4.78
AA1R	comp500	4.96
AA1R	comp501	5.57
AA1R	comp502	5.47
AA1R	comp503	6.17
AA1R	comp504	6.1
AA1R	comp505	6.51
AA1R	comp506	7.19
AA1R	comp507	4.7
AA1R	comp508	4.72
AA1R	comp509	5.06
AA1R	comp510	5.12
AA1R	comp511	4.92
AA1R	comp512	4.98
AA1R	comp513	5.35
AA1R	comp514	5.96
AA1R	comp515	5.42
AA1R	comp516	5.425
AA1R	comp517	5.56
AA1R	comp518	4.39
AA1R	comp519	5.11
AA1R	comp520	4.63
AA1R	comp521	4.49
AA1R	comp522	5.96
AA1R	comp523	5.57
AA1R	comp524	5.45
AA1R	comp525	5.84
AA1R	comp526	5.06
AA1R	comp527	5.08
AA1R	comp528	5.3
AA1R	comp529	5.62
AA1R	comp530	4.8
AA1R	comp531	5.23
AA1R	comp532	5.72
AA1R	comp533	5.9
AA1R	comp534	4.85
AA1R	comp535	5.46
AA1R	comp536	5.4
AA1R	comp537	6.05
AA1R	comp538	5.06
AA1R	comp539	4.4
AA1R	comp540	5.09
AA1R	comp541	4.99
AA1R	comp542	6.22
AA1R	comp543	5.57
AA1R	comp544	5.23
AA1R	comp545	5.59
AA1R	comp546	4.85
AA1R	comp547	4.72
AA1R	comp548	5.3
AA1R	comp549	5.29
AA1R	comp550	5.57
AA1R	comp551	6.16
AA1R	comp552	5.62
AA1R	comp553	6.03
AA1R	comp554	7.12
AA1R	comp555	6.64
AA1R	comp556	4.81
AA1R	comp557	5.05
AA1R	comp558	4.87
AA1R	comp559	6.85
AA1R	comp560	7.34
AA1R	comp561	5.55
AA1R	comp562	5.37
AA1R	comp563	9
AA1R	comp564	7.24
AA1R	comp565	7.09
AA1R	comp566	6.55
AA1R	comp567	7.6
AA1R	comp568	6.21
AA1R	comp569	6.5
AA1R	comp570	6.25
AA1R	comp571	5.64
AA1R	comp572	5.31
AA1R	comp573	4.64
AA1R	comp574	5.82
AA1R	comp575	6.83
AA1R	comp576	7.72
AA1R	comp577	8.49
AA1R	comp578	10.52
AA1R	comp579	9.72
AA1R	comp580	9.4
AA1R	comp581	7.15
AA1R	comp582	6.73
AA1R	comp583	6.96
AA1R	comp584	6.82
AA1R	comp585	6.89
AA1R	comp586	7.11
AA1R	comp587	6.52
AA1R	comp588	6.8
AA1R	comp589	6.5
AA1R	comp590	6.15
AA1R	comp591	6.2
AA1R	comp592	6.91
AA1R	comp593	8.578396073
AA1R	comp594	7.24
AA1R	comp595	7.46
AA1R	comp596	6.03
AA1R	comp597	7.09
AA1R	comp598	6.14
AA1R	comp599	7.5
AA1R	comp600	7.73
AA1R	comp601	7.76
AA1R	comp602	8.28
AA1R	comp603	7.39
AA1R	comp604	5.79
AA1R	comp605	7.7
AA1R	comp606	7.99
AA1R	comp607	7.82
AA1R	comp608	8.07
AA1R	comp609	8.22
AA1R	comp610	7.92
AA1R	comp611	6.66
AA1R	comp612	6.32
AA1R	comp613	6.45
AA1R	comp614	5.61
AA1R	comp615	6.5
AA1R	comp616	6.89
AA1R	comp617	6
AA1R	comp618	5.31
AA1R	comp619	5.54
AA1R	comp620	5.01
AA1R	comp621	6.92
AA1R	comp622	5.8
AA1R	comp623	7.13
AA1R	comp624	7.41
AA1R	comp625	5.22
AA1R	comp626	5.95
AA1R	comp627	6.59
AA1R	comp628	6.44
AA1R	comp629	6.82
AA1R	comp630	5.38
AA1R	comp631	7.1
AA1R	comp632	5.65
AA1R	comp633	6.39
AA1R	comp634	6.45
AA1R	comp635	6.65
AA1R	comp636	7.19
AA1R	comp637	7.16
AA1R	comp638	6.69
AA1R	comp639	6.9
AA1R	comp640	7.04
AA1R	comp641	6.67
AA1R	comp642	5.95
AA1R	comp643	7.98
AA1R	comp644	7.57
AA1R	comp645	5.98
AA1R	comp646	5.97
AA1R	comp647	6.75
AA1R	comp648	6.92
AA1R	comp649	6.73
AA1R	comp650	7.3
AA1R	comp651	7
AA1R	comp652	7.46
AA1R	comp653	8.22
AA1R	comp654	8.05
AA1R	comp655	6.8
AA1R	comp656	6.16
AA1R	comp657	5.53
AA1R	comp658	7.02
AA1R	comp659	7.05
AA1R	comp660	7.04
AA1R	comp661	7.64
AA1R	comp662	5.59
AA1R	comp663	5.53
AA1R	comp664	5.8
AA1R	comp665	7.52
AA1R	comp666	7.69
AA1R	comp667	9.4
AA1R	comp668	5.64
AA1R	comp669	6.96
AA1R	comp670	7
AA1R	comp671	7.52
AA1R	comp672	7.38
AA1R	comp673	7.18
AA1R	comp674	7.18
AA1R	comp675	5.98
AA1R	comp676	5.6
AA1R	comp677	5.62
AA1R	comp678	6.48
AA1R	comp679	6.51
AA1R	comp680	7.28
AA1R	comp681	7.08
AA1R	comp682	7.32
AA1R	comp683	7.42
AA1R	comp684	7.17
AA1R	comp685	7.25
AA1R	comp686	6.7
AA1R	comp687	6.65
AA1R	comp688	6.42
AA1R	comp689	7.39
AA1R	comp690	7.42
AA1R	comp691	7.64
AA1R	comp692	7.24
AA1R	comp693	6.85
AA1R	comp694	6.88
AA1R	comp695	7.1
AA1R	comp696	6.92
AA1R	comp697	7
AA1R	comp698	7.02
AA1R	comp699	6.41
AA1R	comp700	6.17
AA1R	comp701	7.51
AA1R	comp702	7.24
AA1R	comp703	6.98
AA1R	comp704	7.18
AA1R	comp705	7.42
AA1R	comp706	7.2
AA1R	comp707	7.74
AA1R	comp708	7.3
AA1R	comp709	7.68
AA1R	comp710	8.11
AA1R	comp711	7.49
AA1R	comp712	7.83
AA1R	comp713	6.73
AA1R	comp714	5.6875
AA1R	comp715	7.26
AA1R	comp716	8.145
AA1R	comp717	7.35
AA1R	comp718	8.7
AA1R	comp719	6.56
AA1R	comp720	6.23
AA1R	comp721	5.38
AA1R	comp722	5.96
AA1R	comp723	5.85
AA1R	comp724	6.6
AA1R	comp725	7.4
AA1R	comp726	6.93
AA1R	comp727	6.82
AA1R	comp728	5.77
AA1R	comp729	6.57
AA1R	comp730	7.57
AA1R	comp731	6.75
AA1R	comp732	6.68
AA1R	comp733	7.26
AA1R	comp734	6.34
AA1R	comp735	7.81
AA1R	comp736	8.11
AA1R	comp737	7.48
AA1R	comp738	7.48
AA1R	comp739	6.88
AA1R	comp740	7.41
AA1R	comp741	6.68
AA1R	comp742	5.92
AA1R	comp743	6.11
AA1R	comp744	6.82
AA1R	comp745	7.09
AA1R	comp746	6.51
AA1R	comp747	5.85
AA1R	comp748	6.42
AA1R	comp749	4.93
AA1R	comp750	7.15
AA1R	comp751	6.59
AA1R	comp752	6.62
AA1R	comp753	7.07
AA1R	comp754	6.94
AA1R	comp755	6.56
AA1R	comp756	6.86
AA1R	comp757	6.72
AA1R	comp758	6.83
AA1R	comp759	6.81
AA1R	comp760	6.43
AA1R	comp761	6.57
AA1R	comp762	6.92
AA1R	comp763	7.32
AA1R	comp764	7.88
AA1R	comp765	7.65
AA1R	comp766	7.86
AA1R	comp767	7.59
AA1R	comp768	6.04
AA1R	comp769	7.179142011
AA1R	comp770	7.170696227
AA1R	comp771	7.088309841
AA1R	comp772	7.034798299
AA1R	comp773	6.982966661
AA1R	comp774	6.982966661
AA1R	comp775	6.928117993
AA1R	comp776	6.759450752
AA1R	comp777	6.605548319
AA1R	comp778	7.24
AA1R	comp779	7.095
AA1R	comp780	7.1
AA1R	comp781	8.08
AA1R	comp782	7.96
AA1R	comp783	7.37
AA1R	comp784	8.03
AA1R	comp785	7.92
AA1R	comp786	7.17
AA1R	comp787	6.57
AA1R	comp788	7.603800653
AA1R	comp789	7.598599459
AA1R	comp790	7.554395797
AA1R	comp791	7.548213564
AA1R	comp792	7.536107011
AA1R	comp793	7.473660723
AA1R	comp794	7.46470588
AA1R	comp795	7.315154638
AA1R	comp796	7.269217724
AA1R	comp797	7.26520017
AA1R	comp798	7.259637311
AA1R	comp799	7.191114133
AA1R	comp800	6.6
AA1R	comp801	6.92
AA1R	comp802	6.72
AA1R	comp803	7.11
AA1R	comp804	6.1
AA1R	comp805	4.85
AA1R	comp806	5.68
AA1R	comp807	5.68
AA1R	comp808	5.8
AA1R	comp809	5.64
AA1R	comp810	5.71
AA1R	comp811	5.92
AA1R	comp812	5.97
AA1R	comp813	5.73
AA1R	comp814	5.49
AA1R	comp815	6.7
AA1R	comp816	5.9
AA1R	comp817	8.653647026
AA1R	comp818	8.623423043
AA1R	comp819	7.85
AA1R	comp820	8.552841969
AA1R	comp821	8.482804102
AA1R	comp822	8.30980392
AA1R	comp823	8.28567024
AA1R	comp824	7.482804102
AA1R	comp825	6.330683119
AA1R	comp826	8.150580586
AA1R	comp827	6.801342913
AA1R	comp828	6.590066877
AA1R	comp829	9.3400838
AA1R	comp830	9.259637311
AA1R	comp831	9.214670165
AA1R	comp832	9.13667714
AA1R	comp833	9.086186148
AA1R	comp834	9.060480747
AA1R	comp835	9.040958608
AA1R	comp836	8.935542011
AA1R	comp837	8.853871964
AA1R	comp838	8.850780887
AA1R	comp839	8.739928612
AA1R	comp840	7.899629455
AA1R	comp841	7.863279433
AA1R	comp842	7.860120914
AA1R	comp843	7.844663963
AA1R	comp844	7.754487332
AA1R	comp845	7.707743929
AA1R	comp846	7.696803943
AA1R	comp847	7.679853714
AA1R	comp848	7.610833916
AA1R	comp849	7.603800653
AA1R	comp850	8.261219442
AA1R	comp851	8.235077015
AA1R	comp852	8.19314197
AA1R	comp853	8.05207638
AA1R	comp854	8.022276395
AA1R	comp855	7.966576245
AA1R	comp856	7.958607315
AA1R	comp857	7.943095149
AA1R	comp858	7.93930216
AA1R	comp859	5.39
AA1R	comp860	6.54
AA1R	comp861	7.66
AA1R	comp862	6.03
AA1R	comp863	6.11
AA1R	comp864	4.92
AA1R	comp865	5.13
AA1R	comp866	6.55
AA1R	comp867	5.03
AA1R	comp868	5.37
AA1R	comp869	4.7
AA1R	comp870	4.47
AA1R	comp871	5.51
AA1R	comp872	5.31
AA1R	comp873	5.5
AA1R	comp874	5.79
AA1R	comp875	5.95
AA1R	comp876	7.33
AA1R	comp877	5.2
AA1R	comp878	6.3
AA1R	comp879	6.11
AA1R	comp880	6.55
AA1R	comp881	6.69
AA1R	comp882	7.75
AA1R	comp883	8
AA1R	comp884	7.09
AA1R	comp885	6.96
AA1R	comp886	7.09
AA1R	comp887	6.92
AA1R	comp888	6.89
AA1R	comp889	6.33
AA1R	comp890	6.55
AA1R	comp891	5.14
AA1R	comp892	6.76
AA1R	comp893	7.77
AA1R	comp894	5.17
AA1R	comp895	4.92
AA1R	comp896	5.31
AA1R	comp897	5.06
AA1R	comp898	5.66
AA1R	comp899	5
AA1R	comp900	6
AA1R	comp901	5.34
AA1R	comp902	4.54
AA1R	comp903	5.82
AA1R	comp904	6.11
AA1R	comp905	7.2
AA1R	comp906	7.1
AA1R	comp907	6.65
AA1R	comp908	7.08
AA1R	comp909	5.91
AA1R	comp910	5.02
AA1R	comp911	6.35
AA1R	comp912	7.24
AA1R	comp913	7.41
AA1R	comp914	5.53
AA1R	comp915	7.07
AA1R	comp916	7.72
AA1R	comp917	5.38
AA1R	comp918	4.54
AA1R	comp919	5.54
AA1R	comp920	4.8
AA1R	comp921	6.85
AA1R	comp922	7.91
AA1R	comp923	7.1
AA1R	comp924	7.33
AA1R	comp925	6.8
AA1R	comp926	5.87
AA1R	comp927	6.35
AA1R	comp928	5.99
AA1R	comp929	6.46
AA1R	comp930	7
AA1R	comp931	7.13
AA1R	comp932	7.26
AA1R	comp933	7.3
AA1R	comp934	6.023333333
AA1R	comp935	6.905
AA1R	comp936	6.95
AA1R	comp937	8.7
AA1R	comp938	8.27
AA1R	comp939	7.68
AA1R	comp940	5.47
AA1R	comp941	5.42
AA1R	comp942	4.37
AA1R	comp943	6.11
AA1R	comp944	7.11
AA1R	comp945	7.12
AA1R	comp946	5.51
AA1R	comp947	6.08
AA1R	comp948	7.85
AA1R	comp949	6.85
AA1R	comp950	6.62
AA1R	comp951	5.61
AA1R	comp952	6.76
AA1R	comp953	6.1
AA1R	comp954	6.76
AA1R	comp955	7.73
AA1R	comp956	6.51
AA1R	comp957	6.39
AA1R	comp958	6.5
AA1R	comp959	6.21
AA1R	comp960	6.37
AA1R	comp961	5.03
AA1R	comp962	6.86
AA1R	comp963	5.75
AA1R	comp964	6.15
AA1R	comp965	8.09
AA1R	comp966	6.23
AA1R	comp967	6.15
AA1R	comp968	5.92
AA1R	comp969	6.55
AA1R	comp970	7.92
AA1R	comp971	8.68
AA1R	comp972	5.89
AA1R	comp973	5
AA1R	comp974	6.52
AA1R	comp975	6.52
AA1R	comp976	8.13
AA1R	comp977	5.95
AA1R	comp978	7.31
AA1R	comp979	6.62
AA1R	comp980	6.625
AA1R	comp981	6.63
AA1R	comp982	4.94
AA1R	comp983	7.72
AA1R	comp984	6.77
AA1R	comp985	8.05
AA1R	comp986	6.21
AA1R	comp987	5.85
AA1R	comp988	6.24
AA1R	comp989	8.02
AA1R	comp990	6
AA1R	comp991	5.92
AA1R	comp992	6.72
AA1R	comp993	6.41
AA1R	comp994	6.28
AA1R	comp995	6.77
AA1R	comp996	7.39
AA1R	comp997	7.36
AA1R	comp998	7.64
AA1R	comp999	9.14
AA1R	comp1000	9.09
AA1R	comp1001	6.56
AA1R	comp1002	7.03
AA1R	comp1003	6.72
AA1R	comp1004	7.38
AA1R	comp1005	5.76
AA1R	comp1006	6.66
AA1R	comp1007	5.57
AA1R	comp1008	7.06
AA1R	comp1009	7.66
AA1R	comp1010	7.32
AA1R	comp1011	7.23
AA1R	comp1012	7.47
AA1R	comp1013	7.16
AA1R	comp1014	7.23
AA1R	comp1015	7.51
AA1R	comp1016	5.55
AA1R	comp1017	5.75
AA1R	comp1018	5.82
AA1R	comp1019	5.42
AA1R	comp1020	5.68
AA1R	comp1021	6.25
AA1R	comp1022	8.1
AA1R	comp1023	6.65
AA1R	comp1024	5.38
AA1R	comp1025	5.72
AA1R	comp1026	6.13
AA1R	comp1027	6.43
AA1R	comp1028	4.47
AA1R	comp1029	5.56
AA1R	comp1030	5.41
AA1R	comp1031	5.76
AA1R	comp1032	5.65
AA1R	comp1033	4.59
AA1R	comp1034	5.52
AA1R	comp1035	5.73
AA1R	comp1036	5.71
AA1R	comp1037	6.995
AA1R	comp1038	5.454285714
AA1R	comp1039	5.29
AA1R	comp1040	6.48
AA1R	comp1041	7.23
AA1R	comp1042	6.03
AA1R	comp1043	5.99
AA1R	comp1044	6.2
AA1R	comp1045	6.42
AA1R	comp1046	5.68
AA1R	comp1047	5.73
AA1R	comp1048	6.42
AA1R	comp1049	4.33625
AA1R	comp1050	5.13
AA1R	comp1051	6.33
AA1R	comp1052	5.78
AA1R	comp1053	5.48
AA1R	comp1054	6.21
AA1R	comp1055	6.17
AA1R	comp1056	6.6
AA1R	comp1057	7.37
AA1R	comp1058	6.44
AA1R	comp1059	4.87
AA1R	comp1060	4.93
AA1R	comp1061	5.74
AA1R	comp1062	8.25
AA1R	comp1063	7.9
AA1R	comp1064	7.2
AA1R	comp1065	6.95
AA1R	comp1066	6.27
AA1R	comp1067	6.52
AA1R	comp1068	6.56
AA1R	comp1069	6.46
AA1R	comp1070	9.4
AA1R	comp1071	7.98
AA1R	comp1072	7.58
AA1R	comp1073	6.58
AA1R	comp1074	5.06
AA1R	comp1075	5.38
AA1R	comp1076	5.36
AA1R	comp1077	6.87
AA1R	comp1078	5.72
AA1R	comp1079	5.6
AA1R	comp1080	6.58
AA1R	comp1081	6.28
AA1R	comp1082	6.1
AA1R	comp1083	5.99
AA1R	comp1084	6.61
AA1R	comp1085	8.12
AA1R	comp1086	6.7
AA1R	comp1087	6.85
AA1R	comp1088	6.75
AA1R	comp1089	6.15
AA1R	comp1090	6.52
AA1R	comp1091	6.08
AA1R	comp1092	7.39
AA1R	comp1093	7.66
AA1R	comp1094	6.7
AA1R	comp1095	6.6
AA1R	comp1096	6.61
AA1R	comp1097	6.02
AA1R	comp1098	5.1
AA1R	comp1099	9.3
AA1R	comp1100	5.64
AA1R	comp1101	6.27
AA1R	comp1102	5.82
AA1R	comp1103	6.03
AA1R	comp1104	6.2
AA1R	comp1105	6
AA1R	comp1106	5.59
AA2AR	comp1	8.75
AA2AR	comp2	8.19
AA2AR	comp3	8.09
AA2AR	comp4	9.3
AA2AR	comp5	10
AA2AR	comp6	9.16
AA2AR	comp7	8.89
AA2AR	comp8	8.85
AA2AR	comp9	9.52
AA2AR	comp10	8.39
AA2AR	comp11	7.1
AA2AR	comp12	6.61
AA2AR	comp13	8.44
AA2AR	comp14	7.26
AA2AR	comp15	8.28
AA2AR	comp16	8.3
AA2AR	comp17	6.33
AA2AR	comp18	7.6
AA2AR	comp19	5.78
AA2AR	comp20	5.11
AA2AR	comp21	6.45
AA2AR	comp22	5.19
AA2AR	comp23	5.94
AA2AR	comp24	5.97
AA2AR	comp25	5.56
AA2AR	comp26	5.13
AA2AR	comp27	6.1
AA2AR	comp28	7.88
AA2AR	comp29	7.37
AA2AR	comp30	6.39
AA2AR	comp31	6.22
AA2AR	comp32	6.68
AA2AR	comp33	6.81
AA2AR	comp34	6.83
AA2AR	comp35	7.57
AA2AR	comp36	7.82
AA2AR	comp37	7.82
AA2AR	comp38	7.14
AA2AR	comp39	5.81
AA2AR	comp40	5.99
AA2AR	comp41	8.18
AA2AR	comp42	7.81
AA2AR	comp43	5.44
AA2AR	comp44	6.33
AA2AR	comp45	5.96
AA2AR	comp46	6.5
AA2AR	comp47	5.49
AA2AR	comp48	5.66
AA2AR	comp49	6.26
AA2AR	comp50	5.57
AA2AR	comp51	5.09
AA2AR	comp52	5.53
AA2AR	comp53	5.82
AA2AR	comp54	4.95
AA2AR	comp55	6.48
AA2AR	comp56	8.75
AA2AR	comp57	5.62
AA2AR	comp58	5.99
AA2AR	comp59	6
AA2AR	comp60	6.18
AA2AR	comp61	6.04
AA2AR	comp62	6.71
AA2AR	comp63	7.85
AA2AR	comp64	7.42
AA2AR	comp65	8.21
AA2AR	comp66	7.29
AA2AR	comp67	6.4
AA2AR	comp68	8.44
AA2AR	comp69	8.17
AA2AR	comp70	8
AA2AR	comp71	7.7
AA2AR	comp72	8.51
AA2AR	comp73	8.09
AA2AR	comp74	7
AA2AR	comp75	5.13
AA2AR	comp76	5
AA2AR	comp77	5.01
AA2AR	comp78	4.83
AA2AR	comp79	4.91
AA2AR	comp80	7.1
AA2AR	comp81	6.07
AA2AR	comp82	6.63
AA2AR	comp83	6.89
AA2AR	comp84	7.08
AA2AR	comp85	6.95
AA2AR	comp86	6.94
AA2AR	comp87	5.23
AA2AR	comp88	5.31
AA2AR	comp89	5.7
AA2AR	comp90	6.25
AA2AR	comp91	6.57
AA2AR	comp92	6.61
AA2AR	comp93	6.41
AA2AR	comp94	6.43
AA2AR	comp95	5.21
AA2AR	comp96	4.52
AA2AR	comp97	5.16
AA2AR	comp98	5.51
AA2AR	comp99	5.09
AA2AR	comp100	4.68
AA2AR	comp101	5.01
AA2AR	comp102	5.15
AA2AR	comp103	5.3
AA2AR	comp104	6.13
AA2AR	comp105	5.7
AA2AR	comp106	5.67
AA2AR	comp107	5.82
AA2AR	comp108	6.01
AA2AR	comp109	4.44
AA2AR	comp110	5.84
AA2AR	comp111	5.49
AA2AR	comp112	6.29
AA2AR	comp113	6.96
AA2AR	comp114	6.61
AA2AR	comp115	6.13
AA2AR	comp116	6.48
AA2AR	comp117	6.23
AA2AR	comp118	6.27
AA2AR	comp119	6.47
AA2AR	comp120	6.68
AA2AR	comp121	7.31
AA2AR	comp122	5.3
AA2AR	comp123	5.44
AA2AR	comp124	5.96
AA2AR	comp125	5.23
AA2AR	comp126	6.4
AA2AR	comp127	6.03
AA2AR	comp128	6
AA2AR	comp129	6
AA2AR	comp130	5.4
AA2AR	comp131	6
AA2AR	comp132	9.42
AA2AR	comp133	5.7
AA2AR	comp134	5.86
AA2AR	comp135	5.99
AA2AR	comp136	5.49
AA2AR	comp137	5.94
AA2AR	comp138	5.55
AA2AR	comp139	5.73
AA2AR	comp140	5.89
AA2AR	comp141	5.92
AA2AR	comp142	5.85
AA2AR	comp143	6.1
AA2AR	comp144	6.28
AA2AR	comp145	5.97
AA2AR	comp146	5.5
AA2AR	comp147	5.66
AA2AR	comp148	7.53
AA2AR	comp149	7.6
AA2AR	comp150	6.49
AA2AR	comp151	6.71
AA2AR	comp152	7.28
AA2AR	comp153	8.13
AA2AR	comp154	7.72
AA2AR	comp155	8.09
AA2AR	comp156	7.66
AA2AR	comp157	8.01
AA2AR	comp158	8.16
AA2AR	comp159	8.54
AA2AR	comp160	6.78
AA2AR	comp161	6.93
AA2AR	comp162	7.24
AA2AR	comp163	7.31
AA2AR	comp164	7.38
AA2AR	comp165	5.42
AA2AR	comp166	5.71
AA2AR	comp167	5.64
AA2AR	comp168	5.27
AA2AR	comp169	5.65
AA2AR	comp170	6.17
AA2AR	comp171	6.39
AA2AR	comp172	5.96
AA2AR	comp173	5.42
AA2AR	comp174	5.91
AA2AR	comp175	6.57
AA2AR	comp176	6.74
AA2AR	comp177	5.6
AA2AR	comp178	8.04
AA2AR	comp179	6.51
AA2AR	comp180	7.14
AA2AR	comp181	6.83
AA2AR	comp182	6.2
AA2AR	comp183	6.39
AA2AR	comp184	5.86
AA2AR	comp185	6.32
AA2AR	comp186	6.66
AA2AR	comp187	6.86
AA2AR	comp188	6.35
AA2AR	comp189	7.14
AA2AR	comp190	5.63
AA2AR	comp191	7.64
AA2AR	comp192	5.24
AA2AR	comp193	5.02
AA2AR	comp194	5.6
AA2AR	comp195	5.18
AA2AR	comp196	6.41
AA2AR	comp197	8.55
AA2AR	comp198	6.63
AA2AR	comp199	7.22
AA2AR	comp200	8.09
AA2AR	comp201	8.37
AA2AR	comp202	7.6
AA2AR	comp203	7.22
AA2AR	comp204	7.52
AA2AR	comp205	7.75
AA2AR	comp206	8.85
AA2AR	comp207	5.51
AA2AR	comp208	8.24
AA2AR	comp209	8.89
AA2AR	comp210	7.29
AA2AR	comp211	6.52
AA2AR	comp212	7.19
AA2AR	comp213	5.88
AA2AR	comp214	7.92
AA2AR	comp215	6.11
AA2AR	comp216	8.68
AA2AR	comp217	8.8
AA2AR	comp218	6.35
AA2AR	comp219	7.77
AA2AR	comp220	7.89
AA2AR	comp221	8.7
AA2AR	comp222	6.63
AA2AR	comp223	5.48
AA2AR	comp224	8.64
AA2AR	comp225	6.13
AA2AR	comp226	8.22
AA2AR	comp227	6.11
AA2AR	comp228	5.39
AA2AR	comp229	7.64
AA2AR	comp230	8.1
AA2AR	comp231	8.22
AA2AR	comp232	5.68
AA2AR	comp233	5.79
AA2AR	comp234	8.92
AA2AR	comp235	8.24
AA2AR	comp236	9.05
AA2AR	comp237	9
AA2AR	comp238	9
AA2AR	comp239	8.64
AA2AR	comp240	9.3
AA2AR	comp241	8.85
AA2AR	comp242	9.3
AA2AR	comp243	9.3
AA2AR	comp244	9.16
AA2AR	comp245	8.92
AA2AR	comp246	9.52
AA2AR	comp247	9.52
AA2AR	comp248	9.4
AA2AR	comp249	8.43
AA2AR	comp250	7.85
AA2AR	comp251	8.17
AA2AR	comp252	7.96
AA2AR	comp253	8.13
AA2AR	comp254	9.16
AA2AR	comp255	9.52
AA2AR	comp256	9.7
AA2AR	comp257	9.52
AA2AR	comp258	8.28
AA2AR	comp259	9.05
AA2AR	comp260	5.42
AA2AR	comp261	7
AA2AR	comp262	5.76
AA2AR	comp263	5.56
AA2AR	comp264	5.47
AA2AR	comp265	8.82375
AA2AR	comp266	6.21
AA2AR	comp267	8.62
AA2AR	comp268	8.68
AA2AR	comp269	8.68
AA2AR	comp270	8.36
AA2AR	comp271	8.6
AA2AR	comp272	8.05
AA2AR	comp273	7.59
AA2AR	comp274	9.05
AA2AR	comp275	7.9
AA2AR	comp276	5.82
AA2AR	comp277	8.17
AA2AR	comp278	7.87
AA2AR	comp279	6.87
AA2AR	comp280	6.2
AA2AR	comp281	8.64
AA2AR	comp282	7.17
AA2AR	comp283	7.3
AA2AR	comp284	7.7
AA2AR	comp285	7.06
AA2AR	comp286	7.3
AA2AR	comp287	6.99
AA2AR	comp288	7.43
AA2AR	comp289	7.36
AA2AR	comp290	6.82
AA2AR	comp291	6.18
AA2AR	comp292	7.12
AA2AR	comp293	5.62
AA2AR	comp294	6.81
AA2AR	comp295	7.05
AA2AR	comp296	8.19
AA2AR	comp297	10
AA2AR	comp298	8.36
AA2AR	comp299	7.6
AA2AR	comp300	8.3
AA2AR	comp301	8.3
AA2AR	comp302	7.39
AA2AR	comp303	7.8
AA2AR	comp304	7.05
AA2AR	comp305	7.77
AA2AR	comp306	7.6
AA2AR	comp307	6.83
AA2AR	comp308	6.99
AA2AR	comp309	6.84
AA2AR	comp310	5.02
AA2AR	comp311	6.94
AA2AR	comp312	5.27
AA2AR	comp313	7.82
AA2AR	comp314	8.06
AA2AR	comp315	7.99
AA2AR	comp316	7.92
AA2AR	comp317	7.4
AA2AR	comp318	8.58
AA2AR	comp319	6.1
AA2AR	comp320	9.4
AA2AR	comp321	9.51
AA2AR	comp322	9.54
AA2AR	comp323	9.6
AA2AR	comp324	9.7
AA2AR	comp325	4.63
AA2AR	comp326	5
AA2AR	comp327	5.04
AA2AR	comp328	5.07
AA2AR	comp329	7.46
AA2AR	comp330	5.34
AA2AR	comp331	5.39
AA2AR	comp332	5.43
AA2AR	comp333	5.46
AA2AR	comp334	5.48
AA2AR	comp335	5.51
AA2AR	comp336	5.57
AA2AR	comp337	9.85
AA2AR	comp338	10.52
AA2AR	comp339	10.57
AA2AR	comp340	5.67
AA2AR	comp341	6.01
AA2AR	comp342	4.52
AA2AR	comp343	5.42
AA2AR	comp344	6.445
AA2AR	comp345	5.96
AA2AR	comp346	6.5
AA2AR	comp347	6.29
AA2AR	comp348	5.92
AA2AR	comp349	6.2
AA2AR	comp350	6.49
AA2AR	comp351	6.38
AA2AR	comp352	5.9
AA2AR	comp353	7.82
AA2AR	comp354	7.75
AA2AR	comp355	7.48
AA2AR	comp356	8.13
AA2AR	comp357	8.43
AA2AR	comp358	7.13
AA2AR	comp359	8.75
AA2AR	comp360	10.17
AA2AR	comp361	8.02
AA2AR	comp362	8.886666667
AA2AR	comp363	5.89
AA2AR	comp364	5.49
AA2AR	comp365	7.31
AA2AR	comp366	7.51
AA2AR	comp367	6.05
AA2AR	comp368	6.24
AA2AR	comp369	7.64
AA2AR	comp370	6.02
AA2AR	comp371	6.67
AA2AR	comp372	5.95
AA2AR	comp373	5.41
AA2AR	comp374	6.42
AA2AR	comp375	7.084285714
AA2AR	comp376	7.26
AA2AR	comp377	7.1
AA2AR	comp378	6.23
AA2AR	comp379	6.79
AA2AR	comp380	6.92
AA2AR	comp381	6.42
AA2AR	comp382	7.02
AA2AR	comp383	8.165
AA2AR	comp384	8.07
AA2AR	comp385	8.52
AA2AR	comp386	5.58
AA2AR	comp387	4.65
AA2AR	comp388	8.92
AA2AR	comp389	5.36
AA2AR	comp390	6.34
AA2AR	comp391	4.56
AA2AR	comp392	5.97
AA2AR	comp393	7.55
AA2AR	comp394	6.46
AA2AR	comp395	6.46
AA2AR	comp396	6.44
AA2AR	comp397	6.44
AA2AR	comp398	6.43
AA2AR	comp399	6
AA2AR	comp400	5.99
AA2AR	comp401	8.57
AA2AR	comp402	5.98
AA2AR	comp403	9.190769231
AA2AR	comp404	6.298333333
AA2AR	comp405	8.48
AA2AR	comp406	9.373333333
AA2AR	comp407	6.916666667
AA2AR	comp408	8.713333333
AA2AR	comp409	8.596666667
AA2AR	comp410	5.86
AA2AR	comp411	8.7
AA2AR	comp412	5.99
AA2AR	comp413	7.92
AA2AR	comp414	9.49
AA2AR	comp415	6.745
AA2AR	comp416	6.973333333
AA2AR	comp417	6.2
AA2AR	comp418	8.09
AA2AR	comp419	7.77
AA2AR	comp420	8.04
AA2AR	comp421	7.96
AA2AR	comp422	6.68
AA2AR	comp423	7.7
AA2AR	comp424	7.52
AA2AR	comp425	8.41
AA2AR	comp426	7.3
AA2AR	comp427	6.4
AA2AR	comp428	6.5
AA2AR	comp429	6.3
AA2AR	comp430	6.83
AA2AR	comp431	6.89
AA2AR	comp432	8.44
AA2AR	comp433	7.92
AA2AR	comp434	7.38
AA2AR	comp435	6.91
AA2AR	comp436	7.17
AA2AR	comp437	7.7
AA2AR	comp438	5.13
AA2AR	comp439	4.91
AA2AR	comp440	6.17
AA2AR	comp441	6.92
AA2AR	comp442	7.85
AA2AR	comp443	8.28
AA2AR	comp444	7.26
AA2AR	comp445	6.85
AA2AR	comp446	6.84
AA2AR	comp447	6.98
AA2AR	comp448	8.92
AA2AR	comp449	6.51
AA2AR	comp450	7.29
AA2AR	comp451	7
AA2AR	comp452	6.55
AA2AR	comp453	6.28
AA2AR	comp454	6.99
AA2AR	comp455	7.56
AA2AR	comp456	5.38
AA2AR	comp457	5.1
AA2AR	comp458	5.4
AA2AR	comp459	6.24
AA2AR	comp460	5.47
AA2AR	comp461	7.68
AA2AR	comp462	7.48
AA2AR	comp463	6.935
AA2AR	comp464	7.29
AA2AR	comp465	7.67
AA2AR	comp466	8.85
AA2AR	comp467	8.39
AA2AR	comp468	7.56
AA2AR	comp469	8.46
AA2AR	comp470	6.5
AA2AR	comp471	6
AA2AR	comp472	7.99
AA2AR	comp473	8.17
AA2AR	comp474	6.48
AA2AR	comp475	7.51
AA2AR	comp476	7.28
AA2AR	comp477	7.09
AA2AR	comp478	6.96
AA2AR	comp479	6.75
AA2AR	comp480	6.64
AA2AR	comp481	6.94
AA2AR	comp482	6.52
AA2AR	comp483	9.52
AA2AR	comp484	8.64
AA2AR	comp485	5.54
AA2AR	comp486	5.99
AA2AR	comp487	8.84
AA2AR	comp488	8.1
AA2AR	comp489	6.3
AA2AR	comp490	6.26
AA2AR	comp491	4.89
AA2AR	comp492	6.13
AA2AR	comp493	7.85
AA2AR	comp494	5.04
AA2AR	comp495	6.95
AA2AR	comp496	4.65
AA2AR	comp497	5.93
AA2AR	comp498	4.92
AA2AR	comp499	5.66
AA2AR	comp500	5.68
AA2AR	comp501	5.69
AA2AR	comp502	5.8
AA2AR	comp503	8.27
AA2AR	comp504	6.4
AA2AR	comp505	6.75
AA2AR	comp506	7.82
AA2AR	comp507	7.7
AA2AR	comp508	8.03
AA2AR	comp509	5.87
AA2AR	comp510	5.85
AA2AR	comp511	5.43
AA2AR	comp512	4.57
AA2AR	comp513	5.12
AA2AR	comp514	6.23
AA2AR	comp515	4.43
AA2AR	comp516	4.955
AA2AR	comp517	5.92
AA2AR	comp518	5.19
AA2AR	comp519	4.55
AA2AR	comp520	4.75
AA2AR	comp521	4.65
AA2AR	comp522	8
AA2AR	comp523	7.88
AA2AR	comp524	8.07
AA2AR	comp525	8.26
AA2AR	comp526	7.4
AA2AR	comp527	8.05
AA2AR	comp528	8.11
AA2AR	comp529	8.32
AA2AR	comp530	7.61
AA2AR	comp531	7.64
AA2AR	comp532	8.85
AA2AR	comp533	8.28
AA2AR	comp534	4.79
AA2AR	comp535	5.32
AA2AR	comp536	5.3
AA2AR	comp537	5.59
AA2AR	comp538	5.7
AA2AR	comp539	4.8
AA2AR	comp540	5.04
AA2AR	comp541	5.52
AA2AR	comp542	5.62
AA2AR	comp543	5.24
AA2AR	comp544	5.14
AA2AR	comp545	5.38
AA2AR	comp546	5.02
AA2AR	comp547	4.58
AA2AR	comp548	5.22
AA2AR	comp549	5.43
AA2AR	comp550	5.24
AA2AR	comp551	5.64
AA2AR	comp552	5.46
AA2AR	comp553	6.42
AA2AR	comp554	7.54
AA2AR	comp555	6.63
AA2AR	comp556	4.99
AA2AR	comp557	5.09
AA2AR	comp558	5.19
AA2AR	comp559	7.23
AA2AR	comp560	7.35
AA2AR	comp561	5.55
AA2AR	comp562	5.48
AA2AR	comp563	6.4
AA2AR	comp564	5.2
AA2AR	comp565	7.52
AA2AR	comp566	7.46
AA2AR	comp567	7.96
AA2AR	comp568	6.49
AA2AR	comp569	6.02
AA2AR	comp570	6.11
AA2AR	comp571	5.6
AA2AR	comp572	5.08
AA2AR	comp573	4.62
AA2AR	comp574	5.85
AA2AR	comp575	9.92
AA2AR	comp576	10.8
AA2AR	comp577	8.7
AA2AR	comp578	9.82
AA2AR	comp579	10.42
AA2AR	comp580	9.16
AA2AR	comp581	7.3
AA2AR	comp582	6.77
AA2AR	comp583	7.34
AA2AR	comp584	7.11
AA2AR	comp585	7.1
AA2AR	comp586	7.18
AA2AR	comp587	7
AA2AR	comp588	7.12
AA2AR	comp589	6.09
AA2AR	comp590	5.87
AA2AR	comp591	6.2
AA2AR	comp592	7.22
AA2AR	comp593	7.826813732
AA2AR	comp594	6.54
AA2AR	comp595	7.41
AA2AR	comp596	6.06
AA2AR	comp597	6.75
AA2AR	comp598	5.44
AA2AR	comp599	6.99
AA2AR	comp600	6.85
AA2AR	comp601	5.48
AA2AR	comp602	5.6
AA2AR	comp603	8.09
AA2AR	comp604	5.5
AA2AR	comp605	7.4
AA2AR	comp606	7.17
AA2AR	comp607	5.61
AA2AR	comp608	5.84
AA2AR	comp609	5.72
AA2AR	comp610	5.55
AA2AR	comp611	7.55
AA2AR	comp612	5.78
AA2AR	comp613	6.07
AA2AR	comp614	5.67
AA2AR	comp615	6.11
AA2AR	comp616	6.94
AA2AR	comp617	6.45
AA2AR	comp618	5.7
AA2AR	comp619	5.82
AA2AR	comp620	5.92
AA2AR	comp621	7.08
AA2AR	comp622	6.07
AA2AR	comp623	6.71
AA2AR	comp624	6.9
AA2AR	comp625	5.97
AA2AR	comp626	6.06
AA2AR	comp627	6.7
AA2AR	comp628	5.72
AA2AR	comp629	7.7
AA2AR	comp630	6.34
AA2AR	comp631	5
AA2AR	comp632	6.48
AA2AR	comp633	8.62
AA2AR	comp634	8.7
AA2AR	comp635	7.59
AA2AR	comp636	7.4
AA2AR	comp637	7.34
AA2AR	comp638	7.33
AA2AR	comp639	7.3
AA2AR	comp640	7.3
AA2AR	comp641	6.92
AA2AR	comp642	8.75
AA2AR	comp643	8.57
AA2AR	comp644	6.64
AA2AR	comp645	6.5
AA2AR	comp646	6.05
AA2AR	comp647	7.59
AA2AR	comp648	7.05
AA2AR	comp649	7.08
AA2AR	comp650	7.17
AA2AR	comp651	7.29
AA2AR	comp652	7.75
AA2AR	comp653	8.52
AA2AR	comp654	8.52
AA2AR	comp655	6.95
AA2AR	comp656	6.19
AA2AR	comp657	6.4
AA2AR	comp658	7.89
AA2AR	comp659	7.21
AA2AR	comp660	6.72
AA2AR	comp661	8.3
AA2AR	comp662	5.66
AA2AR	comp663	6.17
AA2AR	comp664	6.32
AA2AR	comp665	7.82
AA2AR	comp666	7.54
AA2AR	comp667	6.93
AA2AR	comp668	5.65
AA2AR	comp669	7.42
AA2AR	comp670	7.54
AA2AR	comp671	7.22
AA2AR	comp672	7.46
AA2AR	comp673	7.66
AA2AR	comp674	7.41
AA2AR	comp675	5.5
AA2AR	comp676	6
AA2AR	comp677	5.95
AA2AR	comp678	6.14
AA2AR	comp679	6.92
AA2AR	comp680	6.74
AA2AR	comp681	7.8
AA2AR	comp682	7.77
AA2AR	comp683	7.75
AA2AR	comp684	7.75
AA2AR	comp685	7.64
AA2AR	comp686	7.62
AA2AR	comp687	7.6
AA2AR	comp688	8.46
AA2AR	comp689	8.31
AA2AR	comp690	8.22
AA2AR	comp691	7.89
AA2AR	comp692	7.38
AA2AR	comp693	7.8
AA2AR	comp694	7.2
AA2AR	comp695	7.33
AA2AR	comp696	6.75
AA2AR	comp697	6.66
AA2AR	comp698	6.91
AA2AR	comp699	6.12
AA2AR	comp700	5.4
AA2AR	comp701	8.05
AA2AR	comp702	8.02
AA2AR	comp703	7.91
AA2AR	comp704	7.85
AA2AR	comp705	7.85
AA2AR	comp706	7.7
AA2AR	comp707	7.78
AA2AR	comp708	6.72
AA2AR	comp709	7.51
AA2AR	comp710	7.32
AA2AR	comp711	5.31
AA2AR	comp712	7.19
AA2AR	comp713	7.49
AA2AR	comp714	6.32
AA2AR	comp715	6.79
AA2AR	comp716	5.19
AA2AR	comp717	4.75
AA2AR	comp718	6.26
AA2AR	comp719	6.81
AA2AR	comp720	6.38
AA2AR	comp721	5.95
AA2AR	comp722	5.76
AA2AR	comp723	5.75
AA2AR	comp724	7.55
AA2AR	comp725	7.51
AA2AR	comp726	7.44
AA2AR	comp727	7.2
AA2AR	comp728	6.15
AA2AR	comp729	6.7
AA2AR	comp730	7.32
AA2AR	comp731	6.72
AA2AR	comp732	7.66
AA2AR	comp733	7.36
AA2AR	comp734	6.14
AA2AR	comp735	8.19
AA2AR	comp736	8.24
AA2AR	comp737	6.94
AA2AR	comp738	6.82
AA2AR	comp739	7.08
AA2AR	comp740	7.2
AA2AR	comp741	7.11
AA2AR	comp742	6.34
AA2AR	comp743	6.16
AA2AR	comp744	7.55
AA2AR	comp745	7.48
AA2AR	comp746	6.92
AA2AR	comp747	5.44
AA2AR	comp748	6.05
AA2AR	comp749	5
AA2AR	comp750	7.57
AA2AR	comp751	7.05
AA2AR	comp752	7.13
AA2AR	comp753	7.33
AA2AR	comp754	7.28
AA2AR	comp755	6.58
AA2AR	comp756	6.67
AA2AR	comp757	7.11
AA2AR	comp758	7.8
AA2AR	comp759	7.64
AA2AR	comp760	9
AA2AR	comp761	8.7
AA2AR	comp762	7.73
AA2AR	comp763	8.27
AA2AR	comp764	8.24
AA2AR	comp765	8.56
AA2AR	comp766	8.73
AA2AR	comp767	8.5
AA2AR	comp768	5.83
AA2AR	comp769	6.804100348
AA2AR	comp770	6.588380294
AA2AR	comp771	7.039529222
AA2AR	comp772	7.482804102
AA2AR	comp773	7.832682665
AA2AR	comp774	6.522878745
AA2AR	comp775	6.801342913
AA2AR	comp776	6.562249437
AA2AR	comp777	7.034798299
AA2AR	comp778	8.15490196
AA2AR	comp779	7.958607315
AA2AR	comp780	7.795880017
AA2AR	comp781	7.671620397
AA2AR	comp782	7.598599459
AA2AR	comp783	7.492144128
AA2AR	comp784	7.341988603
AA2AR	comp785	7.057495894
AA2AR	comp786	6.714442691
AA2AR	comp787	6.581698709
AA2AR	comp788	7.060480747
AA2AR	comp789	6.770062314
AA2AR	comp790	7.302770657
AA2AR	comp791	7.978810701
AA2AR	comp792	7.920818754
AA2AR	comp793	7.24
AA2AR	comp794	7.387216143
AA2AR	comp795	6.841637508
AA2AR	comp796	7.384049948
AA2AR	comp797	6.812479279
AA2AR	comp798	6.920818754
AA2AR	comp799	6.853871964
AA2AR	comp800	8.8
AA2AR	comp801	9.16
AA2AR	comp802	8.82
AA2AR	comp803	8.06
AA2AR	comp804	6.4
AA2AR	comp805	7
AA2AR	comp806	6.1
AA2AR	comp807	5.85
AA2AR	comp808	6.4
AA2AR	comp809	6.04431225
AA2AR	comp810	8.05
AA2AR	comp811	7.92
AA2AR	comp812	6.3
AA2AR	comp813	6.5
AA2AR	comp814	5.59
AA2AR	comp815	7.48
AA2AR	comp816	5.29
AA2AR	comp817	6.046240308
AA2AR	comp818	6.55129368
AA2AR	comp819	7.24
AA2AR	comp820	7.565431096
AA2AR	comp821	7.643974143
AA2AR	comp822	7.353596274
AA2AR	comp823	7.742321425
AA2AR	comp824	6.795880017
AA2AR	comp825	6.92
AA2AR	comp826	8.45
AA2AR	comp827	8.96
AA2AR	comp828	8.82
AA2AR	comp829	8.886056648
AA2AR	comp830	6.723538196
AA2AR	comp831	6.638272164
AA2AR	comp832	6.927750102
AA2AR	comp833	6.830031826
AA2AR	comp834	6.607303047
AA2AR	comp835	6.71219827
AA2AR	comp836	6.798602876
AA2AR	comp837	8.886056648
AA2AR	comp838	6.330683119
AA2AR	comp839	8.283996656
AA2AR	comp840	7.158015195
AA2AR	comp841	7.008773924
AA2AR	comp842	6.899629455
AA2AR	comp843	7.159893906
AA2AR	comp844	6.907279355
AA2AR	comp845	7.76700389
AA2AR	comp846	6.764471553
AA2AR	comp847	7.178486472
AA2AR	comp848	7.266000713
AA2AR	comp849	6.641874715
AA2AR	comp850	5.97674754
AA2AR	comp851	7.714442691
AA2AR	comp852	7.263603498
AA2AR	comp853	5.827981191
AA2AR	comp854	7.086186148
AA2AR	comp855	7.721246399
AA2AR	comp856	8.074285714
AA2AR	comp857	5.803547458
AA2AR	comp858	8.327902142
AA2AR	comp859	5.96
AA2AR	comp860	7.06
AA2AR	comp861	9.71
AA2AR	comp862	8.4
AA2AR	comp863	8.13
AA2AR	comp864	5.16
AA2AR	comp865	5.66
AA2AR	comp866	7.28
AA2AR	comp867	5.02
AA2AR	comp868	5.39
AA2AR	comp869	4.92
AA2AR	comp870	4.8
AA2AR	comp871	6.41
AA2AR	comp872	5.22
AA2AR	comp873	6.14
AA2AR	comp874	7.8
AA2AR	comp875	6.47
AA2AR	comp876	8.22
AA2AR	comp877	5.88
AA2AR	comp878	8.4
AA2AR	comp879	8.4
AA2AR	comp880	8.7
AA2AR	comp881	9
AA2AR	comp882	7.14
AA2AR	comp883	7.98
AA2AR	comp884	9.38
AA2AR	comp885	9.22
AA2AR	comp886	9.22
AA2AR	comp887	9.15
AA2AR	comp888	9.08
AA2AR	comp889	8.72
AA2AR	comp890	8.64
AA2AR	comp891	5.72
AA2AR	comp892	6.87
AA2AR	comp893	8.4
AA2AR	comp894	5.22
AA2AR	comp895	5.31
AA2AR	comp896	5.8
AA2AR	comp897	5.32
AA2AR	comp898	6.18
AA2AR	comp899	5.75
AA2AR	comp900	5.72
AA2AR	comp901	4.82
AA2AR	comp902	4.96
AA2AR	comp903	6.21
AA2AR	comp904	6.4
AA2AR	comp905	7.55
AA2AR	comp906	7
AA2AR	comp907	7.04
AA2AR	comp908	7.3
AA2AR	comp909	6.34
AA2AR	comp910	5.55
AA2AR	comp911	6.39
AA2AR	comp912	8.12
AA2AR	comp913	8.32
AA2AR	comp914	6.4
AA2AR	comp915	8.07
AA2AR	comp916	8.68
AA2AR	comp917	6.08
AA2AR	comp918	5.51
AA2AR	comp919	5.96
AA2AR	comp920	5.4
AA2AR	comp921	7.7
AA2AR	comp922	8.43
AA2AR	comp923	7.76
AA2AR	comp924	8.22
AA2AR	comp925	7.1
AA2AR	comp926	6.41
AA2AR	comp927	6.28
AA2AR	comp928	6.1
AA2AR	comp929	6.05
AA2AR	comp930	6.94
AA2AR	comp931	7.22
AA2AR	comp932	7.42
AA2AR	comp933	7.35
AA2AR	comp934	6.31
AA2AR	comp935	7.29
AA2AR	comp936	8.961666667
AA2AR	comp937	9.11
AA2AR	comp938	9.1
AA2AR	comp939	7.18
AA2AR	comp940	5.5
AA2AR	comp941	5.28
AA2AR	comp942	4.295
AA2AR	comp943	6.25
AA2AR	comp944	6.66
AA2AR	comp945	6.54
AA2AR	comp946	5.37
AA2AR	comp947	5.89
AA2AR	comp948	8.8
AA2AR	comp949	7.7
AA2AR	comp950	6.61
AA2AR	comp951	5.49
AA2AR	comp952	7.35
AA2AR	comp953	6.24
AA2AR	comp954	7.19
AA2AR	comp955	8.06
AA2AR	comp956	7.24
AA2AR	comp957	6.43
AA2AR	comp958	7.3
AA2AR	comp959	6.4
AA2AR	comp960	9.72
AA2AR	comp961	7.3
AA2AR	comp962	6.85
AA2AR	comp963	8.26
AA2AR	comp964	6.48
AA2AR	comp965	8.02
AA2AR	comp966	6.3
AA2AR	comp967	6.37
AA2AR	comp968	5.95
AA2AR	comp969	7
AA2AR	comp970	5.78
AA2AR	comp971	5.52
AA2AR	comp972	6.22
AA2AR	comp973	7
AA2AR	comp974	6.92
AA2AR	comp975	6.88
AA2AR	comp976	5.19
AA2AR	comp977	6.16
AA2AR	comp978	5.1
AA2AR	comp979	7.05
AA2AR	comp980	6.855
AA2AR	comp981	6.8
AA2AR	comp982	5.45
AA2AR	comp983	7.22
AA2AR	comp984	6.64
AA2AR	comp985	6.04
AA2AR	comp986	5.96
AA2AR	comp987	6.05
AA2AR	comp988	6.35
AA2AR	comp989	5.48
AA2AR	comp990	6.16
AA2AR	comp991	5.85
AA2AR	comp992	7.16
AA2AR	comp993	6.34
AA2AR	comp994	6.06
AA2AR	comp995	6.55
AA2AR	comp996	6.82
AA2AR	comp997	6.64
AA2AR	comp998	6.92
AA2AR	comp999	6.93
AA2AR	comp1000	6.83
AA2AR	comp1001	6.93
AA2AR	comp1002	6.82
AA2AR	comp1003	6.7
AA2AR	comp1004	6.57
AA2AR	comp1005	6.4
AA2AR	comp1006	7.51
AA2AR	comp1007	5.96
AA2AR	comp1008	7.06
AA2AR	comp1009	7.29
AA2AR	comp1010	7.18
AA2AR	comp1011	6.85
AA2AR	comp1012	7.16
AA2AR	comp1013	7.22
AA2AR	comp1014	7.31
AA2AR	comp1015	7.1
AA2AR	comp1016	5.25
AA2AR	comp1017	5.7
AA2AR	comp1018	5.59
AA2AR	comp1019	5.38
AA2AR	comp1020	5.45
AA2AR	comp1021	5.57
AA2AR	comp1022	5.57
AA2AR	comp1023	6.76
AA2AR	comp1024	5.48
AA2AR	comp1025	5.8
AA2AR	comp1026	5.75
AA2AR	comp1027	5.96
AA2AR	comp1028	4.41
AA2AR	comp1029	5.77
AA2AR	comp1030	5.22
AA2AR	comp1031	5.39
AA2AR	comp1032	5.11
AA2AR	comp1033	4.8
AA2AR	comp1034	4.85
AA2AR	comp1035	5.92
AA2AR	comp1036	5.53
AA2AR	comp1037	6.585
AA2AR	comp1038	5.516
AA2AR	comp1039	5.31
AA2AR	comp1040	6.4
AA2AR	comp1041	6.96
AA2AR	comp1042	8.43
AA2AR	comp1043	8.27
AA2AR	comp1044	8.22
AA2AR	comp1045	8.54
AA2AR	comp1046	8
AA2AR	comp1047	7.96
AA2AR	comp1048	6.05
AA2AR	comp1049	4.853333333
AA2AR	comp1050	5.31
AA2AR	comp1051	5.5
AA2AR	comp1052	8.035
AA2AR	comp1053	7.955
AA2AR	comp1054	8.435
AA2AR	comp1055	5.45
AA2AR	comp1056	6.83
AA2AR	comp1057	6.59
AA2AR	comp1058	6.37
AA2AR	comp1059	5.16
AA2AR	comp1060	5
AA2AR	comp1061	5.38
AA2AR	comp1062	7.95
AA2AR	comp1063	7.2
AA2AR	comp1064	6.8
AA2AR	comp1065	6.7
AA2AR	comp1066	6.24
AA2AR	comp1067	6.96
AA2AR	comp1068	6.95
AA2AR	comp1069	5.92
AA2AR	comp1070	7.33
AA2AR	comp1071	7.15
AA2AR	comp1072	8.48
AA2AR	comp1073	7.08
AA2AR	comp1074	5.04
AA2AR	comp1075	6.01
AA2AR	comp1076	5.62
AA2AR	comp1077	7.67
AA2AR	comp1078	5.33
AA2AR	comp1079	5.6
AA2AR	comp1080	7.52
AA2AR	comp1081	6.45
AA2AR	comp1082	6.26
AA2AR	comp1083	6.17
AA2AR	comp1084	7.02
AA2AR	comp1085	8.03
AA2AR	comp1086	7.24
AA2AR	comp1087	7.38
AA2AR	comp1088	7.21
AA2AR	comp1089	6.31
AA2AR	comp1090	7.18
AA2AR	comp1091	6.18
AA2AR	comp1092	6.5
AA2AR	comp1093	5.36
AA2AR	comp1094	7.04
AA2AR	comp1095	7
AA2AR	comp1096	7.02
AA2AR	comp1097	6.48
AA2AR	comp1098	6.08
AA2AR	comp1099	5.46
AA2AR	comp1100	5.77
AA2AR	comp1101	5.92
AA2AR	comp1102	6.38
AA2AR	comp1103	5.47
AA2AR	comp1104	5.6
AA2AR	comp1105	5.75
AA2AR	comp1106	5.52
